article_id	('absorbent', 'nonabsorbent')	('atypical', 'typical')	('born', 'unborn')	('broad-minded', 'narrow-minded')	('inspiring', 'uninspiring')	('jawed', 'jawless')	('made', 'unmade')	('negative', 'positive')	('pointed', 'pointless')	('scrupulous', 'unscrupulous')
813452859	0.08012502	0.015796218	-0.0913102	0.022743892	-0.07029854	0.082164966	-0.090065666	-0.03332364	0.056181733	-0.12262175
813494037	0.07476865	0.02455604	-0.08394916	0.022723477	-0.080869734	0.07654885	-0.08203025	-0.036594983	0.05535188	-0.118174754
